---- 계정 생성
--CREATE USER koviin IDENTIFIED BY koviin;
--GRANT CONNECT, RESOURCE TO koviin;

-- 날짜 및 시간 설정
ALTER SESSION SET NLS_DATE_FORMAT = 'RR/MM/DD';
ALTER SESSION SET NLS_TIMESTAMP_FORMAT = 'HH24:MI';

-- 모든 테이블 리셋
DROP TABLE TB_COUNTRT CASCADE CONSTRAINTS; 
DROP TABLE TB_GRADE CASCADE CONSTRAINTS; 
DROP TABLE TB_USER CASCADE CONSTRAINTS; 
DROP TABLE TB_FUSER CASCADE CONSTRAINTS; 
DROP TABLE TB_NOTICE CASCADE CONSTRAINTS;
DROP TABLE TB_ADVERTISEMENT CASCADE CONSTRAINTS;
DROP TABLE TB_REVIEW CASCADE CONSTRAINTS;
DROP TABLE TB_QA CASCADE CONSTRAINTS;
DROP TABLE TB_TAXI CASCADE CONSTRAINTS; 
DROP TABLE TB_GUIDE CASCADE CONSTRAINTS; 
DROP TABLE TB_DONATION CASCADE CONSTRAINTS; 
DROP TABLE TB_COUNTRT CASCADE CONSTRAINTS; 

-- 모든 시퀀스 리셋
DROP SEQUENCE SEQ_USER_NO;
DROP SEQUENCE SEQ_FUSER_NO;
DROP SEQUENCE SEQ_NOTICE;
DROP SEQUENCE SEQ_AD;
DROP SEQUENCE SEQ_RE_NO;
DROP SEQUENCE SEQ_QA_NO;
DROP SEQUENCE SEQ_TAXI_NO;
DROP SEQUENCE SEQ_GUIDE_NO;
DROP SEQUENCE SEQ_DO_NO;

-- TB_COUNTRT 생성
CREATE TABLE TB_COUNTRT(
  COUNTRY_ID   CHAR(3),
  COUNTRY_NAME VARCHAR2(30) NOT NULL,
  CONSTRAINT PK_COUNTRY_ID PRIMARY KEY(COUNTRY_ID)
);

-- TB_COUNTRT 컬럼명 지정
COMMENT ON COLUMN TB_COUNTRT.COUNTRY_ID IS '국가 코드';
COMMENT ON COLUMN TB_COUNTRT.COUNTRY_NAME IS '국가 이름';

-- 샘플데이터(TB_COUNTRT)
INSERT INTO TB_COUNTRT VALUES('KO', '한국');
INSERT INTO TB_COUNTRT VALUES('CN', '중국');
INSERT INTO TB_COUNTRT VALUES('JP', '일본');
INSERT INTO TB_COUNTRT VALUES('VN', '베트남');
INSERT INTO TB_COUNTRT VALUES('US', '미국');
INSERT INTO TB_COUNTRT VALUES('ETC', '기타');

-- TB_GRADE 생성
CREATE TABLE TB_GRADE(
  GRADE   CHAR(1),
  GRADE_NAME VARCHAR2(30) NOT NULL,
  CONSTRAINT PK_GRADE PRIMARY KEY(GRADE)
);

-- TB_GRADE 컬럼명 지정
COMMENT ON COLUMN TB_GRADE.GRADE IS '등급';
COMMENT ON COLUMN TB_GRADE.GRADE_NAME IS '등급그룹';

-- 샘플데이터(TB_COUNTRT)
INSERT INTO TB_GRADE VALUES('A', '관리자');
INSERT INTO TB_GRADE VALUES('B', '일반회원');
INSERT INTO TB_GRADE VALUES('C', '가맹점');

-- TB_USER 생성
CREATE TABLE TB_USER(
USER_NO	        	VARCHAR2(50) NOT NULL,
USER_ID 	        	VARCHAR2(50) NOT NULL,	
USER_PWD             	VARCHAR2(50) NOT NULL,
USER_NM             	VARCHAR2(50) NOT NULL,
NICK_NAME       	NVARCHAR2(100) NOT NULL,
BIRTHDAY            	DATE NOT NULL,
GENDER		            CHAR(1) NOT NULL,
PHONE       	    	VARCHAR2(100) NOT NULL,
EMAIL	            	VARCHAR2(200),
ADDRESS     	    	VARCHAR2(500) NOT NULL,
COUNTRY             	CHAR(3) NOT NULL,
JOIN_DATE           	DATE  DEFAULT SYSDATE NOT NULL,
USER_NOW	            VARCHAR2(50),
USER_LV	            CHAR(1),
ETC                 VARCHAR2(4000),
USER_LOCK       CHAR(1) DEFAULT 'Y' NOT NULL,
CONSTRAINT PK_NICK_NAME PRIMARY KEY(NICK_NAME),
CONSTRAINT UNIQ_USER_ID UNIQUE(USER_ID),
CONSTRAINT UNIQ_USER_NO UNIQUE(USER_NO),
CONSTRAINT FK_COUNTRY FOREIGN KEY (COUNTRY) REFERENCES TB_COUNTRT(COUNTRY_ID) ON DELETE SET NULL,
CONSTRAINT FK_USER_LV FOREIGN KEY (USER_LV) REFERENCES TB_GRADE(GRADE) ON DELETE SET NULL
);
 
-- TB_USER 컬러명 지정
COMMENT ON COLUMN TB_USER.USER_NO IS '회원번호';
COMMENT ON COLUMN TB_USER.USER_ID IS '아이디';
COMMENT ON COLUMN TB_USER.USER_PWD   IS '비밀번호';
COMMENT ON COLUMN TB_USER.USER_NM   IS '이름';
COMMENT ON COLUMN TB_USER.NICK_NAME   IS '닉네임';
COMMENT ON COLUMN TB_USER.BIRTHDAY   IS '생년월일';
COMMENT ON COLUMN TB_USER.GENDER   IS '성별';
COMMENT ON COLUMN TB_USER.PHONE   IS '전화번호';
COMMENT ON COLUMN TB_USER.EMAIL   IS '이메일';
COMMENT ON COLUMN TB_USER.ADDRESS   IS '주소';
COMMENT ON COLUMN TB_USER.COUNTRY   IS '국적';
COMMENT ON COLUMN TB_USER.JOIN_DATE   IS '가입일';
COMMENT ON COLUMN TB_USER.USER_NOW   IS '상태';
COMMENT ON COLUMN TB_USER.USER_LV IS '등급';
COMMENT ON COLUMN TB_USER.ETC IS '내용';
COMMENT ON COLUMN TB_USER.USER_LOCK IS '접근제한';

-- TB_USER 시퀀스
CREATE SEQUENCE SEQ_USER_NO
START WITH 4
INCREMENT BY 1
NOMAXVALUE
NOCYCLE
NOCACHE;

-- 샘플데이터(TB_USER)
INSERT INTO TB_USER VALUES('1', 'admin', 'admin', '관리자', '관리자', '89/10/01', 'M',
                                            '+82 10-1234-5555', 'asdas@gmail.com', '강원도 고성군 간성읍', 'KO', '20/12/20', '정상', 'A', null, 'Y');
INSERT INTO TB_USER VALUES('2', 'user01', 'pass01', '나회원', '베트남조아요', '98/08/20', 'F',
                                             '+82 10-0134-5555', 'afjjfs@gmail.com', '경기도 화성시 향남읍', 'KO', '20/12/20', '정상', 'B', null, DEFAULT);
INSERT INTO TB_USER VALUES('3', 'user02', 'pass02', '홍길동', '씬짜오', '90/01/01', 'M',
                                             '+82 10-0134-5785', 's99sifs@gmail.com', '경기도 홍대역', 'VN', DEFAULT, '정상', 'B', null, DEFAULT);
                                           

-- TB_FUSER 생성
CREATE TABLE TB_FUSER(
FUSER_NO	        	VARCHAR2(50) NOT NULL,
FUSER_ID 	        	VARCHAR2(50) NOT NULL,	
FUSER_PWD             	VARCHAR2(50) NOT NULL,
FUSER_NM             	VARCHAR2(50) NOT NULL,
BRAND_NAME	    VARCHAR2(50),
FNICK_NAME       	NVARCHAR2(100) NOT NULL,
FBIRTHDAY            	DATE NOT NULL,
FGENDER		            CHAR(1) NOT NULL,
FPHONE       	    	VARCHAR2(100) NOT NULL,
FEMAIL	            	VARCHAR2(200),
FADDRESS     	    	VARCHAR2(500) NOT NULL,
FCOUNTRY             	CHAR(3) NOT NULL,
FJOIN_DATE           	DATE  DEFAULT SYSDATE NOT NULL,
FUSER_NOW	            VARCHAR2(50),
PAY_DATE            	VARCHAR2(50),
PAY_MONEY       	NUMBER,
FUSER_LV	            CHAR(1),
FETC                 VARCHAR2(4000),
FUSER_LOCK       CHAR(1) DEFAULT 'Y' NOT NULL,
CONSTRAINT PK_FNICK_NAME PRIMARY KEY(FNICK_NAME),
CONSTRAINT UNIQ_FUSER_ID UNIQUE(FUSER_ID),
CONSTRAINT UNIQ_FUSER_NO UNIQUE(FUSER_NO),
CONSTRAINT FK_FCOUNTRY FOREIGN KEY (FCOUNTRY) REFERENCES TB_COUNTRT(COUNTRY_ID) ON DELETE SET NULL,
CONSTRAINT FK_FUSER_LV FOREIGN KEY (FUSER_LV) REFERENCES TB_GRADE(GRADE) ON DELETE SET NULL
);
 
-- TB_FUSER 컬러명 지정
COMMENT ON COLUMN TB_FUSER.FUSER_NO IS '가맹점 번호';
COMMENT ON COLUMN TB_FUSER.FUSER_ID IS '아이디';
COMMENT ON COLUMN TB_FUSER.FUSER_PWD   IS '비밀번호';
COMMENT ON COLUMN TB_FUSER.FUSER_NM   IS '가맹점주 이름';
COMMENT ON COLUMN TB_FUSER.BRAND_NAME   IS '가맹점이름';
COMMENT ON COLUMN TB_FUSER.FNICK_NAME   IS '닉네임';
COMMENT ON COLUMN TB_FUSER.FBIRTHDAY   IS '생년월일';
COMMENT ON COLUMN TB_FUSER.FGENDER   IS '성별';
COMMENT ON COLUMN TB_FUSER.FPHONE   IS '전화번호';
COMMENT ON COLUMN TB_FUSER.FEMAIL   IS '이메일';
COMMENT ON COLUMN TB_FUSER.FADDRESS   IS '주소';
COMMENT ON COLUMN TB_FUSER.FCOUNTRY   IS '국적';
COMMENT ON COLUMN TB_FUSER.FJOIN_DATE   IS '가입일';
COMMENT ON COLUMN TB_FUSER.FUSER_NOW   IS '상태';
COMMENT ON COLUMN TB_FUSER.PAY_DATE   IS '가맹점 결제일';
COMMENT ON COLUMN TB_FUSER.PAY_MONEY   IS '가맹점 가맹료';
COMMENT ON COLUMN TB_FUSER.FUSER_LV IS '등급';
COMMENT ON COLUMN TB_FUSER.FETC IS '내용';
COMMENT ON COLUMN TB_FUSER.FUSER_LOCK IS '접근제한';

-- TB_FUSER 시퀀스
CREATE SEQUENCE SEQ_FUSER_NO
START WITH 4
INCREMENT BY 1
NOMAXVALUE
NOCYCLE
NOCACHE;

-- 샘플데이터(TB_FUSER)
INSERT INTO TB_FUSER VALUES('1', 'fuser01', 'pass01', '이순신', '하노이 맛잇는 쌀국수', '쌀국수사장입니다', '80/05/11', 'M',
                                             '+84 10-1234-4789', 'aGDSSas@naver.com', '68 ngo 39 ??nh Th?n, M? ??nh, Nam T? Li?m, H? N?i, 베트남', 'VN', '20/12/20', '정상', '20일', 100000, 'C', '호의적이고 가맹료도 안늦음', DEFAULT);
INSERT INTO TB_FUSER VALUES('2', 'fuser02', 'pass02', '임꺽정', '하노이 미딩 콩카페', '쌀국수집사장', '82/03/10', 'M',
                                             '+84 10-1234-6189', 'aGD1Sas@naver.com', '68 ngo 39 ình Thôn, M ình, Nam T Liêm, Hà Ni, 베트남', 'VN', '20/12/25', '정상', '20일', 100000, 'C', '지난 00월 이벤트로 가맹료 1회 면제', DEFAULT);
INSERT INTO TB_FUSER VALUES('3', 'fuser03', 'pass03', '놀부흥부', '하노이호텔', N'호텔리어', '86/07/22', 'M',
                                             '+84 10-1234-6880', 'aGD1Sas@naver.com', N'68 ngo 39 Đình Thôn, Mỹ Đình, Nam Từ Liêm, Hà Nội, 베트남','VN', DEFAULT, '탈퇴예정', '20일', 100000, 'C', '광고효과가 없는 것으로 판단된다고 2회차만에 탈퇴요청', 'N');

-- TB_NOTICE 생성
CREATE TABLE TB_NOTICE(
NOTICE_NO                           NUMBER NOT NULL,
NOTICE_WRITER                     NVARCHAR2(100) NOT NULL,
NOTICE_TITLE                         NVARCHAR2(500) NOT NULL,
NOTICE_CONTENT                   NVARCHAR2(2000) NOT NULL,
NOTICE_ORIGIN_FILE_NAME      VARCHAR2(50),
NOTICE_RENAME_FILE_NAME    VARCHAR2(50),
NOTICE_DATE                         DATE DEFAULT SYSDATE,
NOTICE_COUNT                      NUMBER DEFAULT 0,
CONSTRAINT PK_NOTICE_NO PRIMARY KEY(NOTICE_NO),
CONSTRAINT FK_NOTICE_WRITER FOREIGN KEY (NOTICE_WRITER) REFERENCES TB_USER (NICK_NAME) ON DELETE SET NULL
);

-- TB_NOTICE 컬러명 지정
COMMENT ON COLUMN TB_NOTICE.NOTICE_NO IS '공지사항글 번호';
COMMENT ON COLUMN TB_NOTICE.NOTICE_WRITER IS '공지사항 작성자';
COMMENT ON COLUMN TB_NOTICE.NOTICE_TITLE IS '공지사항 제목';
COMMENT ON COLUMN TB_NOTICE.NOTICE_CONTENT IS '공지사항 내용';
COMMENT ON COLUMN TB_NOTICE.NOTICE_ORIGIN_FILE_NAME IS '공지사항 원래 첨부파일 명';
COMMENT ON COLUMN TB_NOTICE.NOTICE_RENAME_FILE_NAME IS '공지사항 바뀐 첨부파일 명';
COMMENT ON COLUMN TB_NOTICE.NOTICE_DATE IS '공지사항 날짜';
COMMENT ON COLUMN TB_NOTICE.NOTICE_COUNT IS '공지사항 조회수';

-- TB_NOTICE 시퀀스
CREATE SEQUENCE SEQ_NOTICE 
START WITH 1
INCREMENT BY 1
MINVALUE 1
NOMAXVALUE
NOCYCLE
NOCACHE;

-- 샘플데이터(TB_NOTICE)
INSERT INTO TB_NOTICE VALUES(SEQ_NOTICE.NEXTVAL, '관리자', '베트남 여행 기본 언어 배우기', '"안녕하세요"는 "씬짜오"입니다.', NULL, NULL, DEFAULT, DEFAULT);
INSERT INTO TB_NOTICE VALUES(SEQ_NOTICE.NEXTVAL, '관리자', '베트남의 수도 "하노이"의 가볼거리!!', '1. 하롱베이, 2. 하노이', NULL, NULL, DEFAULT, DEFAULT);
INSERT INTO TB_NOTICE VALUES(SEQ_NOTICE.NEXTVAL, '관리자', '코로나19의 종식! 이제는 베트남여행을...', '오랜 기다림 끝에 찾아온 해외여행의 첫번째는 베트남으로..', NULL, NULL, DEFAULT, DEFAULT);

-- TB_ADVERTISEMENT 생성
CREATE TABLE TB_ADVERTISEMENT(
AD_NO                NUMBER	            NOT NULL,
AD_WRITER	          NVARCHAR2(100)            NOT NULL,
AD_CONTENT       NVARCHAR2(500)	NOT NULL,
AD_VISIBLE           VARCHAR2(3)	    NOT NULL,
START_VIS	          DATE	                NULL,
END_VIS	              DATE	                NULL,
AD_FILE_NAME	   VARCHAR2(500)	NOT NULL,
RENAME_FILE	       VARCHAR2(500)	NULL,
IMG_DATE	          DATE	                DEFAULT SYSDATE,
UPLOAD_DATE      DATE	                DEFAULT SYSDATE,
AD_TYPE	           NUMBER	            DEFAULT 0,
CONSTRAINT PK_AD_NO PRIMARY KEY(AD_NO),
CONSTRAINT FK_AD_WRITER FOREIGN KEY (AD_WRITER) REFERENCES TB_USER (NICK_NAME) ON DELETE SET NULL
);

-- TB_ADVERTISEMENT 컬럼명 지정
COMMENT ON COLUMN TB_ADVERTISEMENT.AD_NO  IS '광고 번호';
COMMENT ON COLUMN TB_ADVERTISEMENT.AD_WRITER IS '광고 작성자 번호';
COMMENT ON COLUMN TB_ADVERTISEMENT.AD_CONTENT IS '광고내용';
COMMENT ON COLUMN TB_ADVERTISEMENT.AD_VISIBLE IS 'Y= 공개, N= 비공개';
COMMENT ON COLUMN TB_ADVERTISEMENT.START_VIS IS '개시 기간 시작';
COMMENT ON COLUMN TB_ADVERTISEMENT.END_VIS IS '개시 기간 종료';
COMMENT ON COLUMN TB_ADVERTISEMENT.AD_FILE_NAME IS '원래 파일명';
COMMENT ON COLUMN TB_ADVERTISEMENT.RENAME_FILE IS '바뀐  파일명';
COMMENT ON COLUMN TB_ADVERTISEMENT.IMG_DATE IS '광고 등록 날짜';
COMMENT ON COLUMN TB_ADVERTISEMENT.UPLOAD_DATE IS '작성자';
COMMENT ON COLUMN TB_ADVERTISEMENT.AD_TYPE IS '광고창 유형 (0 = 배너, 1 = 전면광고 , 2 = 사이드바광고)';

-- TB_ADVERTISEMENT 시퀀스
CREATE SEQUENCE SEQ_AD
START WITH 1 
INCREMENT BY 1
MINVALUE 1
NOMAXVALUE
NOCYCLE
NOCACHE;

-- 샘플데이터(TB_ADVERTISEMENT)
INSERT INTO TB_ADVERTISEMENT VALUES ( SEQ_AD.NEXTVAL, '관리자', '이건 광고 1입니다', 'N', NULL, NULL, 'first_ad', null, default, default, 0 );
INSERT INTO TB_ADVERTISEMENT VALUES ( SEQ_AD.NEXTVAL, '관리자', '이건 광고 2입니다', 'Y', NULL, NULL, 'second_ad', null, default, default, 1 );
INSERT INTO TB_ADVERTISEMENT VALUES ( SEQ_AD.NEXTVAL, '관리자', '이건 광고 3입니다', 'Y', NULL, NULL, 'fourth_ad', 'third_ad', default, default, 2 );

---- FAQ 테이블 임시 저장
--DROP TABLE TB_FAQ CASCADE CONSTRAINTS;
--CREATE TABLE TB_FAQ(
--    FAQ_NO     NUMBER   NOT NULL,
--    FAQ_WRITER NUMBER       NOT NULL,
--    FAQ_TITLE   VARCHAR2(100)   NOT NULL,
--    FAQ_TEXT   VARCHAR2(100)   NOT NULL,
--    FAQ_COUNT   NUMBER DEFAULT 0,
--    CONSTRAINT PK_FAQ_NO PRIMARY KEY(FAQ_NO),
--    CONSTRAINT FK_FAQ_WRITER FOREIGN KEY(FAQ_WRITER) REFERENCES TB_USER(NICK_NM) ON DELETE SET NULL
--);
--COMMENT ON COLUMN TB_FAQ.FAQ_NO IS 'FAQ 번호';
--COMMENT ON COLUMN TB_FAQ.FAQ_WRITER IS 'FAQ 작성자 번호';
--COMMENT ON COLUMN TB_FAQ.FAQ_TITLE IS 'FAQ 제목';
--COMMENT ON COLUMN TB_FAQ.FAQ_TEXT IS 'FAQ 내용';
--COMMENT ON COLUMN TB_FAQ.FAQ_COUNT IS 'FAQ 조회수';
--
--DROP SEQUENCE SEQ_FAQ;
--CREATE SEQUENCE SEQ_FAQ
--START WITH 0 -- 자동 숫자 발생기
--INCREMENT BY 1
--MINVALUE 0
--NOMAXVALUE
--NOCYCLE
--NOCACHE;
--
---- SAMPLE DATA (샘플데이터) : TB_FAQ TABLE
--INSERT INTO TB_FAQ VALUES(SEQ_FAQ.NEXTVAL, 000, '00여행 예약가능한가요?', 'ㅇㅇㅇㅇㅇㅇㅇㅇ', DEFAULT);
--INSERT INTO TB_FAQ VALUES(SEQ_FAQ.NEXTVAL, 000, '베트남 날씨는 어떤가요?', 'ㅇㅇㅇㅇㅇㅇㅇㅇ', DEFAULT);
--INSERT INTO TB_FAQ VALUES(SEQ_FAQ.NEXTVAL, 000, '여권을 잃어버렷어요ㅠ', 'ㅇㅇㅇㅇㅇㅇㅇㅇ', DEFAULT);

-- TB_REVIEW 생성
CREATE TABLE TB_REVIEW(
RE_NO                   NUMBER   NOT NULL,
RE_WRITER             NVARCHAR2(100)   NOT NULL,
RE_TEXT                 NVARCHAR2(2000)   NOT NULL,
RE_TEXT_LV             NUMBER DEFAULT 0,
RE_DATE                 DATE   DEFAULT SYSDATE,
RE_COUNT              NUMBER   DEFAULT 0,
RE_ASW_NO            NUMBER DEFAULT 0,
RE_ASW                  NVARCHAR2(2000)   NULL,
RE_ASW_COUNT       NUMBER   NULL,
RE_ASW_DATE          DATE   DEFAULT SYSDATE,
RE_ASW_LV              NUMBER   NULL,
RE_REPLIER              NVARCHAR2(100)  NOT NULL,
CONSTRAINT PK_RE_NO PRIMARY KEY(RE_NO),
CONSTRAINT FK_RE_WRITER FOREIGN KEY (RE_WRITER) REFERENCES TB_USER (NICK_NAME) ON DELETE SET NULL,
CONSTRAINT FK_RE_REPLIER FOREIGN KEY (RE_REPLIER) REFERENCES TB_FUSER (FNICK_NAME) ON DELETE SET NULL
);

-- TB_REVIEW 컬럼명 지정
COMMENT ON COLUMN TB_REVIEW.RE_NO IS '리뷰 번호';
COMMENT ON COLUMN TB_REVIEW.RE_WRITER IS '리뷰 작성자 닉네임';
COMMENT ON COLUMN TB_REVIEW.RE_TEXT IS '리뷰 내용';
COMMENT ON COLUMN TB_REVIEW.RE_TEXT_LV IS '리뷰 글 레벨';
COMMENT ON COLUMN TB_REVIEW.RE_DATE IS '리뷰 작성 날짜';
COMMENT ON COLUMN TB_REVIEW.RE_COUNT IS '리뷰 조회수';
COMMENT ON COLUMN TB_REVIEW.RE_ASW_NO IS '리뷰 답글 번호';
COMMENT ON COLUMN TB_REVIEW.RE_ASW IS '리뷰 답글 내용';
COMMENT ON COLUMN TB_REVIEW.RE_ASW_COUNT IS '리뷰 답글 조회수';
COMMENT ON COLUMN TB_REVIEW.RE_ASW_DATE IS '리뷰 답글 작성 날짜';
COMMENT ON COLUMN TB_REVIEW.RE_ASW_LV  IS '리뷰 답글 레벨';
COMMENT ON COLUMN TB_REVIEW.RE_REPLIER IS '리뷰 답글 작성자 닉네임';

-- TB_REVIEW 시퀀스
CREATE SEQUENCE SEQ_RE_NO
START WITH 1
INCREMENT BY 1
MINVALUE 0
NOMAXVALUE
NOCYCLE
NOCACHE;

-- 샘플데이터(TB_REVIEW)
INSERT INTO TB_REVIEW VALUES(SEQ_RE_NO.NEXTVAL, '베트남조아요', '쌀국수 맛집을 찾앗아요 >.<', DEFAULT, DEFAULT, DEFAULT, DEFAULT, 
'감사합니다 베트남조아요님 ^^', NULL, SYSDATE, NULL, '쌀국수집사장');
INSERT INTO TB_REVIEW VALUES(SEQ_RE_NO.NEXTVAL, '씬짜오', '로컬도 아닌데 쌀국수 이래도 돼나?', DEFAULT, DEFAULT, DEFAULT, DEFAULT, 
'감사합니다 씬짜오님 ^^', NULL, SYSDATE, NULL, '쌀국수사장입니다');

--TB_QA 생성
CREATE TABLE TB_QA(
QA_NO               NUMBER   NOT NULL,
QA_WRITER         NVARCHAR2(100)   NOT NULL,
QA_TITLE             NVARCHAR2(100)   NOT NULL,
QA_TEXT             NVARCHAR2(500)   NOT NULL,
QA_TEXT_LV         NUMBER DEFAULT 0,
QA_DATE             DATE DEFAULT SYSDATE,
QA_COUNT          NUMBER   DEFAULT 0,
QA_ASW_NO        NUMBER DEFAULT 0,
QA_ASW              NVARCHAR2(100)  NOT NULL,
QA_ASW_COUNT   NUMBER   NULL,
QA_ASW_DATE      DATE   DEFAULT SYSDATE,
QA_ASW_LV          NUMBER   NULL,
QA_REPLIER          NVARCHAR2(100) NOT NULL,
CONSTRAINT PK_QA_NO PRIMARY KEY(QA_NO),
CONSTRAINT FK_QA_WRITER FOREIGN KEY (QA_WRITER) REFERENCES TB_USER (NICK_NAME) ON DELETE SET NULL,
CONSTRAINT FK_QA_REPLIER FOREIGN KEY (QA_REPLIER) REFERENCES TB_USER (NICK_NAME) ON DELETE SET NULL
);

--TB_QA 컬럼명 지정
COMMENT ON COLUMN TB_QA.QA_NO IS '문의사항 번호';
COMMENT ON COLUMN TB_QA.QA_WRITER IS 'QA 작성자';
COMMENT ON COLUMN TB_QA.QA_TITLE IS '문의사항 제목';
COMMENT ON COLUMN TB_QA.QA_TEXT IS '문의사항 내용';
COMMENT ON COLUMN TB_QA.QA_TEXT_LV IS '문의사항 글 레벨';
COMMENT ON COLUMN TB_QA.QA_DATE IS '문의사항 작성 날짜';
COMMENT ON COLUMN TB_QA.QA_COUNT IS '문의사항 조회수';
COMMENT ON COLUMN TB_QA.QA_ASW_NO IS '문의사항 답글 번호';
COMMENT ON COLUMN TB_QA.QA_ASW IS '문의사항 답글 내용';
COMMENT ON COLUMN TB_QA.QA_ASW_COUNT IS '문의사항 답글 조회수';
COMMENT ON COLUMN TB_QA.QA_ASW_DATE IS '문의사항 답글 작성 날짜';
COMMENT ON COLUMN TB_QA.QA_ASW_LV  IS '문의사항 답글 레벨';
COMMENT ON COLUMN TB_QA.QA_REPLIER IS '문의사항 답글 작성자';

--TB_QA 시퀀스
CREATE SEQUENCE SEQ_QA_NO
START WITH 1
INCREMENT BY 1
MINVALUE 1
NOMAXVALUE
NOCYCLE
NOCACHE;

-- 샘플데이터(TB_QA)
INSERT INTO TB_QA VALUES(SEQ_QA_NO.NEXTVAL, N'베트남조아요', N'문의사항', N'여권을 잃어버리면 어떻게하죠?', DEFAULT, DEFAULT, DEFAULT, DEFAULT, '대사관에 문의를 하셔야 하는데, 연락처는 "00000000"입니다! 빨리 연락해보세요 ㅠㅠ', NULL, SYSDATE, NULL, N'관리자');
INSERT INTO TB_QA VALUES(SEQ_QA_NO.NEXTVAL, N'베트남조아요', N'긴급사항', N'여권을 잃어버리면 어떻게하죠?', DEFAULT, DEFAULT, DEFAULT, DEFAULT, '대사관에 문의를 하셔야 하는데, 연락처는 "00000000"입니다! 빨리 연락해보세요 ㅠㅠ', NULL, SYSDATE, NULL, N'관리자');

-- TB_TAXI 생성
CREATE TABLE TB_TAXI(
TAXI_NO	        	NUMBER NOT NULL,
TAXI_NM             	NVARCHAR2(200) NOT NULL,
TAXI_BIRTHDAY      	DATE NOT NULL,
TAXI_GENDER		    CHAR(3) NOT NULL,
TAXI_PHONE  	    	NUMBER NOT NULL,
TAXI_JOIN_DATE     	DATE  DEFAULT SYSDATE NOT NULL,
TAXI_CAR               CHAR(20) NOT NULL,
TAXI_SIZE               CHAR(20) NOT NULL,
TAXI_BRAND        	NVARCHAR2(200) NOT NULL,
TAXI_NUMBER      	NVARCHAR2(200) NOT NULL,
TAXI_MAX              NUMBER DEFAULT 4 NOT NULL,
TAXI_NOTICE          NVARCHAR2(2000),
CONSTRAINT PK_TAXI_NO PRIMARY KEY(TAXI_NO)
);

-- TB_TAXI 컬럼명지정
COMMENT ON COLUMN TB_TAXI.TAXI_NO IS '택시 관리번호';
COMMENT ON COLUMN TB_TAXI.TAXI_NM IS '택시기사 이름';
COMMENT ON COLUMN TB_TAXI.TAXI_BIRTHDAY IS '택시기사 생년월일';
COMMENT ON COLUMN TB_TAXI.TAXI_GENDER IS '택시기사 성별';
COMMENT ON COLUMN TB_TAXI.TAXI_PHONE IS '택시기사 전화번호';
COMMENT ON COLUMN TB_TAXI.TAXI_JOIN_DATE IS '택시기사 가입일';
COMMENT ON COLUMN TB_TAXI.TAXI_CAR IS '택시 차종';
COMMENT ON COLUMN TB_TAXI.TAXI_SIZE IS '택시 차급';
COMMENT ON COLUMN TB_TAXI.TAXI_BRAND IS '택시차종 브랜드';
COMMENT ON COLUMN TB_TAXI.TAXI_NUMBER IS '택시 번호판';
COMMENT ON COLUMN TB_TAXI.TAXI_MAX IS '최대 탑승인원';
COMMENT ON COLUMN TB_TAXI.TAXI_NOTICE IS '비고';

-- TB_TAXI 시퀀스
CREATE SEQUENCE SEQ_TAXI_NO
START WITH 4
INCREMENT BY 1
NOMAXVALUE
NOCYCLE
NOCACHE;

-- 샘플데이터(TB_TAXI)
INSERT INTO TB_TAXI VALUES('1', N'Nguyễn', '80/05/15', 'M', '00000000', DEFAULT, '승용차', '소형', '현대', '80.NG 731-13', DEFAULT, '커미션은 건당 1만원이고 하노이 모든지역 가능, 서비스정신 매우 좋음, 4명은 비좁고 3명이 적당');
INSERT INTO TB_TAXI VALUES('2', N'Trần', '82/06/03', 'M', '00000000', DEFAULT, '승용차', '준중형', '기아', '51A 684.99', DEFAULT, '커미션은 건당 1만원이고 하노이 모든지역 가능, 서비스는 좋으나 차량 청결 컨플래인 접수');
INSERT INTO TB_TAXI VALUES('3', N'Dương', '88/11/15', 'M', '00000000', DEFAULT, 'SUV', '중형', '기아', '73A 012.34', DEFAULT, '커미션은 건당 2만원이고 하노이 모든지역 가능, 짐이 많은 손님들에게 좋음, 차가 넓어 4명이 충분히 탐');

-- TB_GUIDE 생성
CREATE TABLE TB_GUIDE(
GUIDE_NO	             	NUMBER NOT NULL,
GUIDE_NM               	NVARCHAR2(200) NOT NULL,
GUIDE_BIRTHDAY      	DATE NOT NULL,
GUIDE_GENDER		    CHAR(5) NOT NULL,
GUIDE_PHONE  	    	NUMBER NOT NULL,
GUIDE_JOIN_DATE     	DATE  DEFAULT SYSDATE NOT NULL,
GUIDE_CAREER           VARCHAR2(500) NOT NULL,
GUIDE_LICENSE           CHAR(50) NOT NULL,
GUIDE_LICENSE_NUM   NVARCHAR2(1000),
GUIDE_KOREAN           CHAR(50) DEFAULT '하',
GUIDE_NOTICE            NVARCHAR2(2000),
CONSTRAINT PK_GUIDE_NO PRIMARY KEY(GUIDE_NO)
);

-- TB_GUIDE 컬럼명 지정
COMMENT ON COLUMN TB_GUIDE.GUIDE_NO IS '가이드 관리번호';
COMMENT ON COLUMN TB_GUIDE.GUIDE_NM IS '가이드 이름';
COMMENT ON COLUMN TB_GUIDE.GUIDE_BIRTHDAY IS '가이드 생년월일';
COMMENT ON COLUMN TB_GUIDE.GUIDE_GENDER IS '가이드 성별';
COMMENT ON COLUMN TB_GUIDE.GUIDE_PHONE IS '가이드 전화번호';
COMMENT ON COLUMN TB_GUIDE.GUIDE_JOIN_DATE IS '가이드 등록일';
COMMENT ON COLUMN TB_GUIDE.GUIDE_CAREER IS '가이드 경력';
COMMENT ON COLUMN TB_GUIDE.GUIDE_LICENSE IS '가이드 면허보유';
COMMENT ON COLUMN TB_GUIDE.GUIDE_LICENSE_NUM IS '가이드 면허번호';
COMMENT ON COLUMN TB_GUIDE.GUIDE_KOREAN IS '가이드 한국어수준';
COMMENT ON COLUMN TB_GUIDE.GUIDE_NOTICE IS '비고';

-- TB_GUIDE 시퀀스
CREATE SEQUENCE SEQ_GUIDE_NO
START WITH 4
INCREMENT BY 1
NOMAXVALUE
NOCYCLE
NOCACHE;

-- 샘플데이터(TB_GUIDE)
INSERT INTO TB_GUIDE VALUES('1', N'Nguyễn', '80/05/15', 'F', '00000000', DEFAULT, '5년', '보유', '000000', '상', '커미션은 건당 00%이고 에이스, 믿고 맞겨도 됨');
INSERT INTO TB_GUIDE VALUES('2', N'Trần', '82/06/03', 'M', '00000000', DEFAULT, '6개월', '미보유', NULL, DEFAULT, '커미션은 건당 00%이고 면허없으니 조심! 한국어는 못하지만 영어가능!! 열정적임');
INSERT INTO TB_GUIDE VALUES('3', N'Dương', '88/11/15', 'M', '00000000', DEFAULT, '2년6개월', '보유', '000000', '중', '커미션은 건당 00%이고 하노이 모든지역 가능, 한국어가 어눌하나 문제 없음. 매주 수요일은 못함');

-- TB_DONATION 생성
CREATE TABLE TB_DONATION(
DO_NO	             	NUMBER NOT NULL,
DO_NM               	NVARCHAR2(200) NOT NULL,
DO_FORM             	VARCHAR2(200) NOT NULL,
DO_PHONE  	    	NUMBER NOT NULL,
DO_ADDRESS         	NVARCHAR2(2000) NOT NULL,
DO_DATE               DATE  DEFAULT SYSDATE NOT NULL,
DO_NOW               VARCHAR2(100) NOT NULL,
DO_NOTICE            NVARCHAR2(2000),
CONSTRAINT PK_DO_NO PRIMARY KEY(DO_NO)
);

-- TB_DONATION 컬럼명 지정
COMMENT ON COLUMN TB_DONATION.DO_NO IS '기부시설 관리번호';
COMMENT ON COLUMN TB_DONATION.DO_NM IS '기부시설 이름';
COMMENT ON COLUMN TB_DONATION.DO_FORM IS '기부시설 형태';
COMMENT ON COLUMN TB_DONATION.DO_PHONE IS '기부시설 연락처';
COMMENT ON COLUMN TB_DONATION.DO_ADDRESS IS '기부시설 주소';
COMMENT ON COLUMN TB_DONATION.DO_DATE IS '최근 기부일자';
COMMENT ON COLUMN TB_DONATION.DO_NOW IS '상태';
COMMENT ON COLUMN TB_DONATION.DO_NOTICE IS '비고';

-- TB_DONATION 시퀀스
CREATE SEQUENCE SEQ_DO_NO
START WITH 4
INCREMENT BY 1
NOMAXVALUE
NOCYCLE
NOCACHE;

-- 샘플데이터(TB_DONATION)
INSERT INTO TB_DONATION VALUES('1', N'00어린이집', '아동보호소', '00000000', '68 ngo 39 Đình Thôn, Mỹ Đình, Nam Từ Liêm, Hà Nội, 베트남', DEFAULT, '정상', '00.00.00. 3회차 기부방문, 어린이 3명 추가, 2명 졸업 등등');
INSERT INTO TB_DONATION VALUES('2', N'00복지', '장애/노인요양', '00000000', '68 ngo 39 Đình Thôn, Mỹ Đình, Nam Từ Liêm, Hà Nội, 베트남', DEFAULT, '보류', '00.00.00 2회차 기부, 000위주로 도움이 필요함으로 물품 기부 등등');
INSERT INTO TB_DONATION VALUES('3', N'00청소년', '소년소녀가장', '00000000', '68 ngo 39 Đình Thôn, Mỹ Đình, Nam Từ Liêm, Hà Nội, 베트남', DEFAULT, '해지예정', '모든 청소년 성인으로 졸업하여 다른 시설 알아보는 중');

COMMIT;
